contested,inside50s,oppHitouts,team,clangers,rebounds,score,oppRebounds,disposals,oppClangers,marksIn50,round,hitouts,kicks,oppMarksIn50,oppMarks,oppDisposals,oppBounces,oppScore,marks,oppClearances,clearances,bounces,oppOnePercenters,uncontested,matchId,frees,win,oppKicks,oppUncontested,contestedMarks,oppTackles,oppFrees,handballs,oppInside50s,home,oppContestedMarks,tackles,oppHandballs,oppContested,onePercenters
160,61,48,GE,64,30,116,46,349,48,16,1,56,196,6,70,360,3,86,71,39,51,3,42,196,,24,True,186,221,11,81,28,153,46,True,4,81,174,141,51
141,46,56,HW,48,42,86,61,360,64,6,1,48,186,16,71,349,3,116,70,51,39,3,51,221,,28,False,196,196,4,81,24,174,61,False,11,81,153,160,42
102,42,30,SK,54,44,36,58,356,38,13,2,28,187,12,122,482,7,93,96,29,29,6,25,257,,14,False,243,343,9,55,18,169,58,True,10,67,239,137,50
157,60,21,FR,48,30,100,50,334,47,9,2,59,186,14,80,327,24,126,63,31,44,4,45,182,,21,False,181,208,12,75,19,148,50,True,11,65,146,121,46
131,52,45,CW,50,31,87,50,346,58,10,2,23,191,19,104,393,5,86,84,37,24,4,47,209,,26,True,209,261,8,57,17,155,50,True,9,69,184,134,38
137,58,28,WB,38,35,93,42,482,54,12,2,30,243,13,96,356,6,36,122,29,29,7,50,343,,18,True,187,257,10,67,14,239,42,False,9,55,169,102,25
131,46,41,RI,53,38,92,57,332,39,12,1,33,191,18,105,376,4,83,79,34,38,2,43,196,,16,True,215,247,10,51,21,141,57,True,10,60,161,129,32
121,50,59,GC,47,38,126,60,327,48,14,2,21,181,9,63,334,4,100,80,44,31,24,46,208,,19,True,186,182,11,65,21,146,60,False,12,75,148,157,45
134,50,23,RI,58,37,86,52,393,50,19,2,45,209,10,84,346,4,87,104,24,37,5,38,261,,17,False,191,209,9,69,26,184,52,False,8,57,155,131,47
111,51,36,BL,44,25,83,49,296,40,12,2,32,167,18,67,354,2,117,76,38,28,3,29,183,,16,False,187,207,12,46,22,129,49,True,11,51,167,145,49
131,56,41,ES,53,27,80,41,444,52,14,2,21,243,9,68,316,7,67,139,32,27,4,25,313,,27,True,174,179,15,50,22,201,41,True,11,66,142,127,32
129,57,33,CA,39,28,83,46,376,53,18,1,41,215,12,79,332,2,92,105,38,34,4,32,247,,21,False,191,196,10,60,16,161,46,False,10,51,141,131,43
145,49,32,NM,40,31,117,51,354,44,18,2,36,187,12,76,296,3,83,67,28,38,2,49,207,,22,True,167,183,11,51,16,167,51,False,12,46,129,111,29
127,41,21,ME,52,39,67,56,316,53,9,2,41,174,14,139,444,4,80,68,27,32,7,32,179,,22,False,243,313,11,66,27,142,56,False,15,50,201,131,25
165,55,54,AD,52,49,144,70,412,62,17,2,49,234,6,44,324,9,86,109,43,45,10,68,247,,22,True,175,164,14,70,15,178,70,True,13,64,149,161,55
161,70,49,PA,62,26,86,55,324,52,6,2,54,175,17,109,412,10,144,44,45,43,9,55,164,,15,False,234,247,13,64,22,149,55,False,14,70,178,165,68
160,56,44,NM,43,38,107,57,361,47,11,1,47,214,8,75,342,7,97,91,45,42,11,57,203,,18,True,203,201,17,63,22,147,57,True,8,82,139,150,57
150,57,47,AD,47,39,97,56,342,43,8,1,44,203,11,91,361,11,107,75,42,45,7,57,201,,22,False,214,203,8,82,18,139,56,False,17,63,147,160,57
177,61,66,PA,42,38,133,58,381,60,13,1,49,217,12,70,428,2,100,64,61,44,9,62,202,,16,True,223,256,13,72,11,164,58,True,5,106,205,166,53
160,64,28,WC,51,24,166,45,438,47,25,1,61,240,10,56,323,2,102,121,40,45,6,53,288,,17,True,154,199,17,74,29,198,45,True,8,59,169,128,36
152,66,39,GC,53,28,121,40,428,65,15,1,27,223,8,98,383,5,60,91,25,37,17,47,279,,20,True,205,263,9,56,17,205,40,True,4,87,178,125,40
172,76,26,SY,53,37,133,45,429,55,16,1,44,219,5,69,334,5,53,81,33,40,5,56,266,,18,True,184,190,13,76,23,210,45,True,6,67,150,141,48
133,56,27,ME,59,32,80,50,366,55,11,1,27,208,14,95,371,14,78,97,31,25,16,60,231,,24,True,209,229,18,50,22,158,50,True,16,54,162,137,37
166,58,49,SK,60,39,100,61,428,42,12,1,66,223,13,64,381,9,133,70,44,61,2,53,256,,11,False,217,202,5,106,16,205,61,False,13,72,164,177,62
157,57,26,WB,45,24,103,30,498,54,15,1,28,250,9,98,340,6,38,116,24,35,12,40,347,,19,True,198,217,14,55,14,248,30,True,6,62,142,113,49
128,45,61,BL,47,33,102,64,323,51,10,1,28,154,25,121,438,6,166,56,45,40,2,36,199,,29,False,240,288,8,59,17,169,64,False,17,74,198,160,53
125,40,27,ES,65,43,60,66,383,53,8,1,39,205,15,91,428,17,121,98,37,25,5,40,263,,17,False,223,279,4,87,20,178,66,False,9,56,205,152,47
141,45,44,CW,55,52,53,76,334,53,5,1,26,184,16,81,429,5,133,69,40,33,5,48,190,,23,False,219,266,6,67,18,150,76,False,13,76,210,172,56
137,50,27,GW,55,42,78,56,371,59,14,1,27,209,11,97,366,16,80,95,25,31,14,37,229,,22,False,208,231,16,54,24,162,56,False,18,50,158,133,60
113,30,28,FR,54,40,38,57,340,45,9,1,26,198,15,116,498,12,103,98,35,24,6,49,217,,14,False,250,347,6,62,19,142,57,False,14,55,248,157,40
131,75,38,GW,43,28,151,41,383,60,14,4,42,220,4,92,356,21,65,100,30,45,22,57,249,,24,True,187,243,13,51,17,163,41,True,9,54,169,116,36
116,41,42,PA,60,46,65,75,356,43,4,4,38,187,14,100,383,22,151,92,45,30,21,36,243,,17,False,220,249,9,54,24,169,75,False,13,51,163,131,57
125,51,19,FR,48,35,69,43,418,60,13,23,44,243,5,70,434,12,49,133,35,34,10,39,297,,22,True,192,288,10,72,18,175,43,True,9,69,242,147,44
147,43,44,WB,60,40,49,51,434,48,5,23,19,192,13,133,418,10,69,70,34,35,12,44,288,,18,False,243,297,9,69,22,242,51,False,10,72,175,125,39
116,51,39,HW,36,31,112,50,353,47,17,23,40,212,17,105,378,10,111,107,40,36,7,37,235,,16,True,219,244,5,59,15,141,50,True,12,54,159,135,45
135,50,40,CW,47,33,111,51,378,36,17,23,39,219,17,107,353,7,112,105,36,40,10,45,244,,15,False,212,235,12,54,16,159,51,False,5,59,141,116,37
140,73,33,SY,54,38,164,46,447,54,18,23,33,263,7,83,356,4,51,142,32,36,7,29,310,,18,True,190,227,15,46,20,184,46,True,12,55,166,128,36
129,46,44,NM,34,37,63,56,376,44,14,23,35,194,10,95,371,14,100,99,46,34,18,44,250,,18,False,214,232,12,52,10,182,56,True,11,49,157,138,40
133,54,49,GC,36,26,66,45,395,50,6,23,35,210,7,76,378,8,89,92,45,35,10,62,267,,17,False,198,235,5,67,15,185,45,True,8,72,180,146,50
128,46,33,RI,54,41,51,73,356,54,7,23,33,190,18,142,447,7,164,83,36,32,4,36,227,,20,False,263,310,12,55,18,166,73,False,15,46,184,140,29
138,56,35,GW,44,37,100,46,371,34,10,23,44,214,14,99,376,18,63,95,34,46,14,40,232,,10,True,194,250,11,49,18,157,46,False,12,52,182,129,44
146,45,35,PA,50,41,89,54,378,36,7,23,49,198,6,92,395,10,66,76,35,45,8,50,235,,15,True,210,267,8,72,17,180,54,False,5,67,185,133,62
134,70,38,SK,45,35,161,54,386,55,27,23,41,227,12,87,355,2,103,113,37,38,21,40,249,,19,True,184,235,16,47,10,159,54,True,14,46,171,115,45
115,54,41,BL,55,42,103,70,355,45,12,23,38,184,27,113,386,21,161,87,38,37,2,45,235,,10,False,227,249,14,46,19,171,70,False,16,47,159,134,40
162,59,45,GE,50,33,155,43,398,58,20,23,42,219,6,67,358,10,44,99,31,41,3,42,241,,20,True,177,216,18,65,15,179,43,True,7,74,181,126,45
126,43,42,ME,58,33,44,59,358,50,6,23,45,177,20,99,398,3,155,67,41,31,10,45,216,,15,False,219,241,7,74,20,181,59,False,18,65,179,162,42
138,47,46,AD,52,29,71,52,352,59,13,23,36,202,14,85,408,4,100,78,36,38,9,60,212,,20,False,205,250,10,52,12,150,52,True,15,72,203,162,47
129,40,35,ES,47,36,53,51,386,39,8,22,41,202,12,111,406,8,93,120,35,28,3,38,263,,15,False,215,263,10,76,19,184,51,True,12,63,191,140,35
116,40,36,BL,43,40,69,61,344,43,8,22,43,189,18,105,402,10,129,92,41,43,9,30,225,,22,False,219,272,7,64,18,155,61,True,5,62,183,139,49
114,45,31,ES,37,45,103,61,380,46,15,23,22,216,16,88,368,13,79,115,26,31,4,42,272,,19,True,202,237,7,54,9,164,61,True,8,54,166,132,42
162,52,36,WC,59,29,100,47,408,52,14,23,46,205,13,78,352,9,71,85,38,36,4,47,250,,12,True,202,212,15,72,20,203,47,False,10,52,150,138,60
140,51,41,WB,39,28,93,40,406,47,12,22,35,215,8,120,386,3,53,111,28,35,8,35,263,,19,True,202,263,12,63,15,191,40,False,10,76,184,129,38
139,61,43,GE,43,26,129,40,402,43,18,22,36,219,8,92,344,9,69,105,43,41,10,49,272,,18,True,189,225,5,62,22,183,40,False,7,64,155,116,30
132,61,22,CA,46,28,79,45,368,37,16,23,31,202,15,115,380,4,103,88,31,26,13,42,237,,9,False,216,272,8,54,19,166,45,False,7,54,164,114,42
142,53,43,PA,56,29,94,59,324,53,10,22,35,185,18,95,357,2,109,70,30,45,12,56,188,,20,False,208,224,9,61,19,139,59,True,13,68,149,132,47
142,52,35,CA,50,45,78,55,374,56,12,22,37,221,13,93,393,3,58,86,26,41,3,60,216,,20,True,191,261,10,67,5,153,55,True,15,83,202,136,45
132,59,35,AD,53,34,109,53,357,56,18,22,43,208,10,70,324,12,94,95,45,30,2,47,224,,19,True,185,188,13,68,20,149,53,False,9,61,139,142,56
136,55,37,ME,56,37,58,52,393,50,13,22,35,191,12,86,374,3,78,93,41,26,3,45,261,,5,False,221,216,15,83,20,202,52,False,10,67,153,142,60
143,61,18,CW,47,36,118,43,453,39,17,22,48,245,8,69,322,10,47,125,35,31,9,41,315,,18,True,168,191,11,60,19,208,43,True,11,77,154,124,47
154,69,37,GW,48,25,129,32,409,61,17,22,40,230,6,94,390,4,37,104,32,39,8,42,255,,16,True,200,262,10,72,14,179,32,True,9,76,190,125,41
124,43,48,GC,39,37,47,61,322,47,8,22,18,168,17,125,453,9,118,69,31,35,10,47,191,,19,False,245,315,11,77,18,154,61,False,11,60,208,143,41
125,32,40,FR,61,46,37,69,390,48,6,22,37,200,17,104,409,8,129,94,39,32,4,41,262,,14,False,230,255,9,76,16,190,69,False,10,72,179,154,42
119,40,34,RI,53,39,46,51,352,54,11,22,24,192,14,113,410,12,55,100,24,22,11,30,237,,22,False,233,276,13,65,19,160,51,True,13,44,177,128,35
159,63,45,NM,48,34,76,49,408,59,16,22,28,220,9,82,357,4,85,94,33,37,14,57,248,,21,False,204,207,12,70,9,188,49,True,16,71,153,154,56
115,39,26,RI,51,50,78,66,378,54,4,21,30,236,12,120,400,4,82,122,32,24,5,50,257,,23,False,224,269,8,52,15,142,66,True,21,50,176,139,60
153,51,34,WC,57,29,92,43,363,49,13,22,44,200,7,93,350,4,67,89,31,43,1,50,222,,20,True,213,240,18,67,20,163,43,True,2,62,137,108,44
148,45,23,FR,58,45,70,69,388,48,4,21,47,194,20,94,455,18,142,68,34,34,2,37,237,,16,False,232,298,3,81,14,194,69,True,9,65,223,155,42
128,51,24,SK,54,29,55,40,410,53,14,22,34,233,11,100,352,11,46,113,22,24,12,35,276,,19,True,192,237,13,44,22,177,40,False,13,65,160,119,30
154,49,28,SY,59,49,85,63,357,48,9,22,45,204,16,94,408,14,76,82,37,33,4,56,207,,9,True,220,248,16,71,21,153,63,False,12,70,188,159,57
139,66,30,GE,54,22,82,39,400,51,12,21,26,224,4,122,378,5,78,120,24,32,4,60,269,,15,True,236,257,21,50,23,176,39,False,8,52,142,115,50
108,43,44,HW,49,35,67,51,350,57,7,22,34,213,13,89,363,1,92,93,43,31,4,44,240,,20,False,200,222,2,62,20,137,51,False,18,67,163,153,50
136,44,29,ES,55,53,75,69,438,41,11,21,35,218,12,100,373,9,69,105,35,28,8,50,304,,9,True,215,225,15,55,19,220,69,True,14,49,158,153,61
155,69,47,AD,48,31,142,45,455,58,20,21,23,232,4,68,388,2,70,94,34,34,18,42,298,,14,True,194,237,9,65,16,223,45,False,3,81,194,148,37
153,69,35,GC,41,29,69,44,373,55,12,21,29,215,11,105,438,8,75,100,28,35,9,61,225,,19,False,218,304,14,49,9,158,44,False,15,55,220,136,50
131,54,45,HW,48,35,96,47,420,49,11,21,40,242,9,88,336,2,57,116,33,37,5,32,289,,14,True,195,197,10,64,18,178,47,True,24,72,141,138,68
138,47,40,NM,49,33,57,54,336,48,9,21,45,195,11,116,420,5,96,88,37,33,2,68,197,,18,False,242,289,24,72,14,141,54,False,10,64,178,131,32
137,46,47,BL,45,49,99,68,295,44,14,21,38,181,14,65,329,21,95,68,43,36,6,43,157,,21,True,194,175,12,67,23,114,68,True,13,79,135,148,58
142,48,45,SK,46,33,76,60,362,53,10,21,34,183,25,116,459,5,146,75,39,34,5,54,226,,19,False,236,302,11,53,17,179,60,True,16,79,223,154,40
125,49,53,PA,69,35,54,56,360,62,8,21,26,194,18,110,402,13,94,81,43,32,7,42,227,,18,False,232,249,5,70,19,166,56,True,14,73,170,147,46
148,68,38,CA,44,28,95,46,329,45,14,21,47,194,14,68,295,6,99,65,36,43,21,58,175,,23,False,181,157,13,79,21,135,46,False,12,67,114,137,43
154,60,34,SY,53,35,146,48,459,46,25,21,45,236,10,75,362,5,76,116,34,39,5,40,302,,17,True,183,226,16,79,19,223,48,False,11,53,179,142,54
148,59,55,GW,52,43,96,58,392,41,15,21,47,213,11,64,325,3,97,81,41,44,11,50,244,,17,False,174,195,16,67,19,179,58,True,8,73,151,132,46
147,56,26,ME,62,38,94,49,402,69,18,21,53,232,8,81,360,7,54,110,32,43,13,46,249,,19,True,194,227,14,73,18,170,49,False,5,70,166,125,42
128,58,29,GE,51,29,100,37,404,51,22,20,42,208,12,134,354,3,34,115,35,28,3,38,283,,16,True,232,249,18,49,14,196,37,True,4,37,122,101,30
131,44,39,FR,54,40,64,60,369,50,8,20,36,209,14,108,378,12,110,97,31,39,9,39,233,,18,False,222,245,16,66,15,160,60,True,15,52,156,132,44
147,50,51,WB,43,33,95,51,368,38,14,21,37,201,14,90,386,3,92,83,33,40,8,47,220,,17,True,202,253,9,88,21,167,51,True,10,76,184,146,49
132,58,47,WC,41,39,97,59,325,52,11,21,55,174,15,81,392,11,96,64,44,41,3,46,195,,19,True,213,244,8,73,17,151,59,False,16,67,179,148,50
101,37,42,ES,51,40,34,58,354,51,12,20,29,232,22,115,404,3,100,134,28,35,3,30,249,,14,False,208,283,4,37,16,122,58,False,18,49,196,128,38
132,60,36,WC,50,33,110,44,378,54,14,20,39,222,8,97,369,9,64,108,39,31,12,44,245,,15,True,209,233,15,52,18,156,44,False,16,66,160,131,39
146,51,37,CW,38,34,92,50,386,43,14,21,51,202,14,83,368,8,95,90,40,33,3,49,253,,21,False,201,220,10,76,17,184,50,False,9,88,167,147,47
140,47,59,GC,40,35,84,53,380,55,10,20,28,209,13,100,401,20,92,109,44,33,8,43,248,,18,False,224,259,13,74,8,171,53,True,18,53,177,147,47
147,53,28,GW,55,33,92,47,401,40,13,20,59,224,10,109,380,8,84,100,33,44,20,47,259,,8,True,209,248,18,53,18,177,47,False,13,74,171,140,43
132,59,44,WB,46,34,61,45,337,56,12,20,18,199,7,111,421,10,47,95,31,25,6,41,207,,18,True,225,287,17,58,19,138,45,True,10,61,196,136,49
126,41,28,CA,57,35,51,54,380,46,7,20,40,189,27,132,404,17,122,79,31,33,7,33,257,,9,False,238,272,8,62,17,191,54,True,10,63,166,129,52
136,45,18,NM,56,51,47,59,421,46,7,20,44,225,12,95,337,6,61,111,25,31,10,49,287,,19,False,199,207,10,61,18,196,59,False,17,58,138,132,41
129,54,40,SK,46,32,122,41,404,57,27,20,28,238,7,79,380,7,51,132,33,31,17,52,272,,17,True,189,257,10,63,9,166,41,False,8,62,191,126,33
127,39,21,RI,46,35,92,48,425,52,15,20,43,243,7,99,328,5,77,145,38,27,2,51,310,,19,True,189,223,13,71,24,182,48,True,7,53,139,117,31
155,73,44,AD,57,23,177,29,477,57,19,20,39,254,3,38,284,2,39,128,39,35,18,55,325,,21,True,149,143,18,75,21,223,29,True,10,57,135,141,43
186,69,26,SY,48,31,100,36,455,70,10,20,48,265,7,83,334,6,33,93,32,45,2,68,271,,23,True,208,195,11,77,13,190,36,True,7,65,126,132,42
156,65,60,AD,49,32,143,45,457,59,16,19,26,216,13,91,363,2,61,97,40,35,7,61,309,,22,True,191,229,12,62,21,241,45,True,15,69,172,136,46
151,46,38,ME,42,33,110,50,431,36,13,20,44,206,10,75,324,12,81,93,31,41,8,53,281,,16,True,180,208,13,74,19,225,50,True,7,68,144,126,45
117,48,43,CW,52,23,77,39,328,46,7,20,21,189,15,145,425,2,92,99,27,38,5,31,223,,24,False,243,310,7,53,19,139,39,False,13,71,182,127,51
141,29,39,BL,57,35,39,73,284,57,3,20,44,149,19,128,477,18,177,38,35,39,2,43,143,,21,False,254,325,10,57,21,135,73,False,18,75,223,155,55
132,36,48,PA,70,47,33,69,334,48,7,20,26,208,10,93,455,2,100,83,45,32,6,42,195,,13,False,265,271,7,65,23,126,69,False,11,77,190,186,68
136,45,26,ES,59,35,61,65,363,49,13,19,60,191,16,97,457,7,143,91,35,40,2,46,229,,21,False,216,309,15,69,22,172,65,False,12,62,241,156,61
126,50,44,HW,36,27,81,46,324,42,10,20,38,180,13,93,431,8,110,75,41,31,12,45,208,,19,False,206,281,7,68,16,144,46,False,13,74,225,151,53
154,43,43,FR,46,42,47,63,413,52,4,19,48,215,12,95,457,8,137,99,39,44,1,48,260,,18,False,222,280,14,78,14,198,63,True,20,90,235,188,39
128,48,23,BL,42,44,79,77,289,46,11,19,40,153,30,97,408,13,173,50,43,40,2,57,161,,19,False,222,260,5,59,17,136,77,True,18,63,186,158,49
131,53,21,ME,43,25,66,41,387,41,19,19,67,214,10,63,310,4,64,113,25,37,18,48,253,,14,True,169,173,13,85,13,173,41,True,16,83,141,141,53
188,63,48,SY,52,35,137,43,457,46,12,19,43,222,4,99,413,1,47,95,44,39,8,39,280,,14,True,215,260,20,90,18,235,43,False,14,78,198,154,48
158,77,40,PA,46,27,173,48,408,42,30,19,23,222,11,50,289,2,79,97,40,43,13,49,260,,17,True,153,161,18,63,19,186,48,False,5,59,136,128,57
141,41,67,GC,41,40,64,53,310,43,10,19,21,169,19,113,387,18,66,63,37,25,4,53,173,,13,False,214,253,16,83,14,141,53,False,13,85,173,131,48
150,47,29,CW,44,31,91,47,412,46,12,19,53,199,12,74,322,2,72,78,28,47,6,49,265,,17,True,162,208,11,89,13,213,47,True,8,118,160,116,50
112,52,31,HW,36,35,74,47,353,40,13,19,33,199,15,85,381,9,55,97,31,22,7,53,238,,15,True,205,248,14,61,13,154,47,True,14,42,176,127,55
135,44,32,NM,44,43,85,57,371,47,13,19,39,198,12,71,324,9,62,96,26,34,10,28,245,,24,True,167,194,15,56,19,173,57,True,13,62,157,126,41
130,64,43,GW,57,35,111,38,393,59,16,19,36,213,7,114,339,2,23,108,29,38,22,31,261,,21,True,205,219,5,69,24,180,38,True,16,69,134,117,34
177,47,28,GE,60,39,103,53,396,50,11,19,55,215,7,69,367,5,78,84,33,38,4,71,223,,22,True,187,215,14,81,22,181,53,True,4,83,180,150,59
116,47,53,WC,46,31,72,47,322,44,12,19,29,162,12,78,412,6,91,74,47,28,2,50,208,,13,False,199,265,8,118,17,160,47,False,11,89,213,150,49
127,47,33,CA,40,38,55,52,381,36,15,19,31,205,13,97,353,7,74,85,22,31,9,55,248,,13,False,199,238,14,42,15,176,52,False,14,61,154,112,53
126,57,39,SK,47,27,62,44,324,44,12,19,32,167,13,96,371,10,85,71,34,26,9,41,194,,19,False,198,245,13,62,24,157,44,False,15,56,173,135,28
117,38,36,RI,59,40,23,64,339,57,7,19,43,205,16,108,393,22,111,114,38,29,2,34,219,,24,False,213,261,16,69,21,134,64,False,5,69,180,130,31
150,53,55,WB,50,26,78,47,367,60,7,19,28,187,11,84,396,4,103,69,38,33,5,59,215,,22,False,215,223,4,83,22,180,47,False,14,81,181,177,71
159,58,65,PA,66,42,60,59,376,73,6,18,31,215,5,52,388,6,79,60,46,49,8,67,200,,17,False,240,188,7,90,21,161,59,True,8,78,148,187,87
187,59,31,GW,73,49,79,58,388,66,5,18,65,240,6,60,376,8,60,52,49,46,6,87,188,,21,True,215,200,8,78,17,148,58,False,7,90,161,159,67
125,56,42,HW,43,27,114,37,433,52,14,18,33,242,11,77,334,3,44,125,37,30,3,26,297,,15,True,177,203,13,51,11,191,37,True,10,58,157,132,59
148,66,35,ES,51,31,91,54,353,60,16,18,45,202,11,80,372,8,128,91,47,33,8,52,206,,24,False,211,206,22,65,12,151,54,True,10,78,161,156,63
132,37,33,RI,52,29,44,56,334,43,11,18,42,177,14,125,433,3,114,77,30,37,3,59,203,,11,False,242,297,10,58,15,157,56,False,13,51,191,125,26
156,54,45,BL,60,44,128,66,372,51,11,18,35,211,16,91,353,8,91,80,33,47,8,63,206,,12,True,202,206,10,78,24,161,66,False,22,65,151,148,52
168,55,48,GE,58,31,85,46,414,56,11,18,39,223,6,78,347,1,55,82,42,39,1,39,234,,15,True,223,182,11,71,18,191,46,True,9,84,124,150,70
150,46,39,AD,56,38,55,55,347,58,6,18,48,223,11,82,414,1,85,78,39,42,1,70,182,,18,False,223,234,9,84,15,124,55,False,11,71,191,168,39
142,50,45,WB,58,33,60,48,372,54,6,18,30,191,9,108,391,3,75,82,33,34,3,39,236,,25,False,217,250,10,63,24,181,48,True,21,69,174,145,53
168,54,47,SY,58,40,74,53,378,46,6,18,51,183,3,67,383,8,68,67,47,45,8,36,213,,16,True,204,217,12,89,20,195,53,True,12,80,179,149,41
145,48,30,SK,54,37,75,50,391,58,9,18,45,217,6,82,372,3,60,108,34,33,3,53,250,,24,True,191,236,21,69,25,174,50,False,10,63,181,142,39
144,37,46,WC,47,48,66,66,312,65,8,18,44,184,12,66,403,3,60,57,38,42,1,47,168,,22,True,201,243,9,99,19,128,66,True,8,85,202,159,45
138,60,48,GC,39,25,105,41,384,49,12,18,30,235,12,84,377,5,81,115,32,34,16,49,241,,19,True,186,250,12,64,11,149,41,True,6,89,191,123,50
149,53,51,CA,46,40,68,54,383,58,3,18,47,204,6,67,378,8,74,67,45,47,8,41,217,,20,False,183,213,12,80,16,179,54,False,12,89,195,168,36
159,66,44,ME,65,24,60,37,403,47,12,18,46,201,8,57,312,1,66,66,42,38,3,45,243,,19,False,184,168,8,85,22,202,37,False,9,99,128,144,47
123,41,30,FR,49,42,81,60,377,39,12,18,48,186,12,115,384,16,105,84,34,32,5,50,250,,11,False,235,241,6,89,19,191,60,False,12,64,149,138,49
156,49,34,CW,61,34,84,61,342,50,7,18,31,177,11,88,399,11,124,59,41,34, ,47,195,,22,False,206,250,11,65,27,165,61,True,7,81,193,149,53
138,60,39,SK,42,36,110,50,362,50,20,17,38,192,12,84,400,6,74,88,34,31,6,50,228,,15,True,184,261,14,52,12,170,50,True,11,67,216,136,38
148,50,47,BL,34,47,67,77,329,61,10,17,41,186,21,82,445,15,146,45,52,39,2,46,171,,25,False,251,245,3,86,14,143,77,True,12,81,194,200,70
149,61,31,NM,50,32,124,49,399,61,11,18,34,206,7,59,342, ,84,88,34,41,11,53,250,,27,True,177,195,7,81,22,193,49,False,11,65,165,156,47
136,50,38,ME,50,36,74,60,400,42,12,17,39,184,20,88,362,6,110,84,31,34,6,38,261,,12,False,192,228,11,67,15,216,60,False,14,52,170,138,50
200,77,41,GW,61,39,146,50,445,34,21,17,47,251,10,45,329,2,67,82,39,52,15,70,245,,14,True,186,171,12,81,25,194,50,False,3,86,143,148,46
158,57,45,AD,49,35,97,48,386,48,19,17,35,213,8,89,405,8,69,92,38,41,3,55,229,,13,True,201,247,10,97,12,173,48,True,15,65,204,160,54
160,48,35,CW,48,36,69,57,405,49,8,17,45,201,19,92,386,3,97,89,41,38,8,54,247,,12,False,213,229,15,65,13,204,57,False,10,97,173,158,55
148,48,24,NM,45,26,77,45,374,54,17,17,35,177,16,82,368,13,105,70,38,28,11,53,232,,23,False,188,235,8,66,19,197,45,True,10,49,180,133,39
133,45,35,PA,54,31,105,48,368,45,16,17,24,188,17,70,374,11,77,82,28,38,13,39,235,,19,True,177,232,10,49,23,180,48,False,8,66,197,148,53
148,46,31,RI,50,40,102,53,419,42,15,17,49,242,10,87,325,3,83,115,30,37,6,40,266,,15,True,197,188,17,87,17,177,53,True,6,63,128,137,37
122,43,41,CA,52,32,75,48,359,47,11,17,43,202,13,87,330,2,82,105,37,40,7,34,236,,21,False,190,207,15,77,17,157,48,True,11,65,140,121,41
132,57,35,WB,39,29,107,39,467,57,18,17,24,250,10,105,341,7,59,124,26,36,10,41,334,,23,True,197,226,7,47,15,217,39,True,10,56,144,115,38
160,54,45,SY,49,37,70,49,374,40,11,17,46,211,10,89,368,6,75,85,38,38,6,55,207,,9,False,209,238,17,81,15,163,49,True,9,54,159,123,39
162,55,60,ES,40,39,98,58,369,47,11,16,34,204,12,63,386,4,109,91,46,36,4,53,221,,21,False,181,241,20,80,16,165,58,True,7,68,205,150,58
137,53,49,ES,42,26,83,46,325,50,10,17,31,197,15,115,419,6,102,87,37,30,3,37,188,,17,False,242,266,6,63,15,128,46,False,17,87,177,148,40
121,48,43,WC,47,29,82,43,330,52,13,17,41,190,11,105,359,7,75,87,40,37,2,41,207,,17,True,202,236,11,65,21,140,43,False,15,77,157,122,34
115,39,24,GC,57,38,59,57,341,39,10,17,35,197,18,124,467,10,107,105,36,26,7,38,226,,15,False,250,334,10,56,23,144,57,False,7,47,217,132,41
123,49,46,HW,40,41,75,54,368,49,10,17,45,209,11,85,374,6,70,89,38,38,6,39,238,,15,True,211,207,9,54,9,159,54,False,17,81,163,160,55
150,58,34,SK,47,36,109,55,386,40,12,16,60,181,11,91,369,4,98,63,36,46,4,58,241,,16,True,204,221,7,68,21,205,55,False,20,80,165,162,53
133,48,69,WC,54,33,104,48,333,54,13,16,32,215,11,76,334,1,72,102,46,41,2,38,204,,27,True,197,193,13,60,24,118,48,True,13,77,137,137,46
149,67,32,ME,43,30,87,41,465,49,17,16,47,241,7,87,329,2,55,104,32,35,4,60,307,,12,True,202,196,12,68,9,224,41,True,10,89,127,128,46
142,51,40,CA,68,38,47,59,350,66,6,16,37,200,15,84,452,5,107,76,43,35,5,63,205,,18,False,237,274,1,75,19,150,59,True,7,66,215,182,61
127,48,56,WB,39,31,85,45,396,56,7,16,26,208,13,121,372,4,75,107,34,38,2,38,268,,23,True,220,237,5,76,15,188,45,True,13,83,152,134,28
137,48,32,NM,54,29,72,48,334,54,11,16,69,197,13,102,333,2,104,76,41,46,1,46,193,,24,False,215,204,13,77,27,137,48,False,13,60,118,133,38
146,49,37,GW,63,43,93,67,351,53,13,16,38,185,18,90,393,7,125,86,42,33,7,55,207,,16,False,214,242,13,80,18,166,67,True,17,60,179,159,45
128,41,47,FR,49,53,55,67,329,43,7,16,32,202,17,104,465,4,87,87,35,32,2,46,196,,9,False,241,307,10,89,12,127,67,False,12,68,224,149,60
182,59,37,AD,66,44,107,51,452,68,15,16,40,237,6,76,350,5,47,84,35,43,5,61,274,,19,True,200,205,7,66,18,215,51,False,1,75,150,142,63
147,50,39,GC,60,40,139,59,384,54,15,16,41,217,14,62,333,1,113,108,34,40,9,44,240,,21,True,164,193,11,68,21,167,59,True,11,74,169,138,41
134,45,26,RI,56,33,75,48,372,39,13,16,56,220,7,107,396,2,85,121,38,34,4,28,237,,15,False,208,268,13,83,23,152,48,False,5,76,188,127,38
159,67,38,CW,53,29,125,49,393,63,18,16,37,214,13,86,351,7,93,90,33,42,7,45,242,,18,True,185,207,17,60,16,179,49,False,13,80,166,146,55
153,52,35,GE,57,22,60,43,337,52,12,16,33,193,13,70,373,3,98,73,35,34,3,48,184,,24,False,201,214,12,76,23,144,43,True,6,75,172,157,48
138,59,41,BL,54,22,113,50,333,60,14,16,39,164,15,108,384,9,139,62,40,34,1,41,193,,21,False,217,240,11,74,21,169,50,False,11,68,167,147,44
157,43,33,SY,52,40,98,52,373,57,13,16,35,201,12,73,337,3,60,70,34,35,3,48,214,,23,True,193,184,6,75,24,172,52,False,12,76,144,153,48
139,40,36,FR,54,38,61,50,357,43,6,17,40,190,9,107,403,5,78,67,35,39,14,35,220,,20,False,213,262,7,84,20,167,50,True,13,78,190,150,48
150,50,40,GE,43,27,78,40,403,54,9,17,36,213,6,67,357,14,61,107,39,35,5,48,262,,20,True,190,220,13,78,20,190,40,False,7,84,167,139,35
127,52,53,WC,32,26,130,37,402,51,18,15,42,224,8,86,323,1,52,116,44,38,2,44,277,,18,True,197,195,13,72,11,178,37,True,10,62,126,121,43
145,47,55,PA,65,27,79,51,350,66,3,16,24,191,9,107,365,1,101,69,41,33,4,67,204,,28,False,241,213,7,54,30,159,51,True,15,55,124,136,59
110,61,32,GC,47,52,108,62,413,54,21,15,19,251,12,61,343,5,68,149,26,23,19,39,298,,15,True,175,209,14,45,17,162,62,True,15,39,168,131,50
176,68,52,PA,64,38,94,51,347,64,6,15,25,233,7,87,370,2,56,56,33,52,6,59,159,,25,True,227,213,8,65,18,114,51,True,13,106,143,159,85
121,37,42,ES,51,32,52,52,323,32,8,15,53,197,18,116,402,2,130,86,38,44,1,43,195,,11,False,224,277,10,62,18,126,52,False,13,72,178,127,44
136,51,24,HW,66,34,101,47,365,65,9,16,55,241,3,69,350,4,79,107,33,41,1,59,213,,30,True,191,204,15,55,28,124,47,False,7,54,159,145,67
131,62,19,SK,54,41,68,61,343,47,12,15,32,175,21,149,413,19,108,61,23,26,5,50,209,,17,False,251,298,15,39,15,168,61,False,14,45,162,110,39
127,44,24,CA,39,31,45,41,347,39,14,15,34,199,12,96,365,4,57,101,28,32,5,50,217,,18,False,195,245,10,67,17,148,41,True,15,62,170,119,37
154,53,49,SY,50,42,79,56,391,50,14,15,33,206,8,81,392,10,83,88,41,32,4,54,231,,16,False,214,241,21,80,17,185,56,True,13,81,178,155,37
159,51,25,RI,64,49,56,68,370,64,7,15,52,227,6,56,347,6,94,87,52,33,2,85,213,,18,False,233,159,13,106,25,143,68,False,8,65,114,176,59
160,48,42,ME,48,32,98,53,404,55,10,15,46,199,16,83,370,7,120,77,39,38,9,56,249,,17,False,216,225,9,101,13,205,53,True,15,74,154,145,44
119,41,34,CW,39,36,57,44,365,39,12,15,24,195,14,101,347,5,45,96,32,28,4,37,245,,17,True,199,217,15,62,18,170,44,False,10,67,148,127,50
155,56,33,WB,50,37,83,53,392,50,8,15,49,214,14,88,391,4,79,81,32,41,10,37,241,,17,True,206,231,13,81,16,178,53,False,21,80,185,154,54
145,53,46,AD,55,30,120,48,370,48,16,15,42,216,10,77,404,9,98,83,38,39,7,44,225,,13,True,199,249,15,74,17,154,48,False,9,101,205,160,56
120,61,34,HW,48,37,86,47,409,57,13,14,45,250,10,64,330,1,60,135,39,34,8,61,282,,16,True,192,191,7,64,14,159,47,True,9,57,138,136,69
136,47,45,GC,57,43,60,61,330,48,10,14,34,192,13,135,409,8,86,64,34,39,1,69,191,,14,False,250,282,9,57,16,138,61,False,7,64,159,120,61
154,65,35,CW,50,32,85,37,405,53,13,14,44,237,6,62,359,1,37,102,30,36,5,49,252,,21,True,179,216,15,88,14,168,37,True,11,85,180,138,52
177,59,54,AD,50,33,100,51,387,62,12,14,40,219,7,64,327,1,67,80,38,48,8,38,211,,18,True,197,155,13,82,15,168,51,True,11,85,130,156,63
130,54,34,SK,44,38,93,52,355,43,13,14,30,204,15,117,386,6,90,92,27,35,10,44,223,,16,True,216,249,10,52,15,151,52,True,17,63,170,138,46
138,37,44,FR,53,47,37,65,359,50,6,14,35,179,13,102,405,5,85,62,36,30,1,52,216,,14,False,237,252,11,85,21,180,65,False,15,88,168,154,49
156,51,40,NM,62,38,67,59,327,50,7,14,54,197,12,80,387,8,100,64,48,38,1,63,155,,15,False,219,211,11,85,18,130,59,False,13,82,168,177,38
138,52,30,GE,43,33,90,54,386,44,15,14,34,216,13,92,355,10,93,117,35,27,6,46,249,,15,False,204,223,17,63,16,170,54,False,10,52,151,130,44
138,56,40,ES,39,38,90,60,346,56,16,13,44,214,9,91,375,17,117,102,35,35,5,46,210,,24,False,214,237,14,59,13,132,60,True,13,71,161,144,64
151,65,51,GW,51,30,127,42,380,61,14,14,51,205,11,84,353,4,65,74,35,45,3,43,224,,21,True,196,212,8,88,20,175,42,True,7,67,157,126,46
124,59,24,RI,47,21,117,34,374,51,25,14,32,218,9,74,324,1,75,106,30,28,12,41,242,,20,True,168,195,15,55,19,156,34,True,11,48,156,121,36
144,60,44,GW,56,40,117,56,375,39,9,13,40,214,16,102,346,5,90,91,35,35,17,64,237,,13,True,214,210,13,71,24,161,56,False,14,59,132,138,46
126,42,51,CA,61,44,65,65,353,51,11,14,51,196,14,74,380,3,127,84,45,35,4,46,212,,20,False,205,224,7,67,21,157,65,False,8,88,175,151,43
121,34,32,BL,51,35,75,59,324,47,9,14,24,168,25,106,374,12,117,74,28,30,1,36,195,,19,False,218,242,11,48,20,156,59,False,15,55,156,124,41
161,51,38,FR,42,30,86,45,402,62,13,13,50,208,6,60,310,9,69,88,40,38,7,57,246,,26,True,169,182,10,83,11,194,45,True,9,74,141,131,59
155,55,45,NM,47,30,84,48,340,54,13,13,54,212,8,65,270,9,93,80,41,45,8,68,189,,29,False,173,148,13,68,18,128,48,True,11,64,97,127,51
137,46,39,WB,42,27,43,44,375,42,6,13,35,186,20,125,385,10,100,87,36,30,6,37,247,,21,False,218,256,7,78,20,189,44,True,12,59,167,125,33
154,47,36,ME,56,37,104,48,470,54,12,12,41,219,13,74,344,2,58,117,33,40, ,44,316,,15,True,186,194,12,85,20,251,48,True,12,82,158,153,40
138,52,25,BL,56,35,82,57,445,47,10,13,56,232,16,80,335,9,131,111,32,44,5,46,316,,21,False,187,208,1,72,21,213,57,True,11,65,148,125,64
131,45,50,PA,62,25,69,51,310,42,6,13,38,169,13,88,402,7,86,60,38,40,9,59,182,,11,False,208,246,9,74,26,141,51,False,10,83,194,161,57
127,48,54,HW,54,35,93,55,270,47,8,13,45,173,13,80,340,8,84,65,45,41,9,51,148,,18,True,212,189,11,64,29,97,55,False,13,68,128,155,68
125,44,35,GE,42,38,100,46,385,42,20,13,39,218,6,87,375,6,43,125,30,36,10,33,256,,20,True,186,247,12,59,21,167,46,False,7,78,189,137,37
159,61,37,GW,39,38,105,52,388,48,12,12,50,238,8,69,339,3,63,111,35,41,15,50,245,,22,True,173,199,17,77,15,150,52,True,14,75,166,139,63
146,53,31,RI,31,32,114,49,403,37,21,12,49,222,17,60,290,7,97,108,33,33,11,53,263,,16,True,158,164,21,75,7,181,49,True,11,66,132,123,45
153,48,41,CW,54,27,58,47,344,56,13,12,36,186,12,117,470, ,104,74,40,33,2,40,194,,20,False,219,316,12,82,15,158,47,False,12,85,251,154,44
125,57,56,WC,47,35,131,52,335,56,16,13,25,187,10,111,445,5,82,80,44,32,9,64,208,,21,True,232,316,11,65,21,148,52,False,1,72,213,138,46
139,52,50,SY,48,44,63,61,339,39,8,12,37,173,12,111,388,15,105,69,41,35,3,63,199,,15,False,238,245,14,75,22,166,61,False,17,77,150,159,50
123,49,49,GC,37,32,97,53,290,31,17,12,31,158,21,108,403,11,114,60,33,33,7,45,164,,7,False,222,263,11,66,16,132,53,False,21,75,181,146,53
186,51,66,SY,67,43,86,47,387,61,10,13,29,234,4,32,365, ,31,56,37,46,1,57,188,,21,True,205,169,5,89,22,153,47,True,3,155,160,181,69
181,47,29,ME,61,36,31,51,365,67,4,13,66,205,10,56,387,1,86,32,46,37, ,69,169,,22,False,234,188,3,155,21,160,51,False,5,89,153,186,57
164,35,40,WC,47,40,76,65,325,38,8,12,58,183,14,107,383,4,105,59,40,40,14,55,169,,16,False,233,227,19,89,19,142,65,True,19,64,150,168,58
129,37,44,BL,44,31,64,59,403,35,13,12,49,218,13,97,393,8,147,126,46,32,6,45,281,,12,False,212,255,5,70,18,185,59,True,5,71,181,140,59
144,57,44,GE,46,28,105,43,380,37,11,12,35,207,11,96,321,4,74,94,33,47,13,31,238,,18,True,189,211,17,41,19,173,43,True,9,46,132,107,31
168,65,58,AD,38,19,105,35,383,47,14,12,40,233,8,59,325,14,76,107,40,40,4,58,227,,19,True,183,169,19,64,16,150,35,False,19,89,142,164,55
140,59,49,FR,35,23,147,37,393,44,13,12,44,212,13,126,403,6,64,97,32,46,8,59,255,,18,True,218,281,5,71,12,181,37,False,5,70,185,129,45
107,43,35,NM,37,39,74,57,321,46,11,12,44,189,11,94,380,13,105,96,47,33,4,31,211,,19,False,207,238,9,46,18,132,57,False,17,41,173,144,31
126,63,35,SK,58,34,110,48,353,51,12,12,47,198,14,108,416,6,78,82,39,43,10,41,229,,15,True,222,281,10,43,19,155,48,True,7,70,194,127,46
153,53,43,WB,50,37,83,49,446,43,17,11,29,228,12,90,322,4,75,115,30,35,8,42,293,,17,True,199,206,13,81,17,218,49,True,9,62,123,114,58
146,69,26,AD,36,23,133,30,474,52,28,11,30,281,8,70,298,9,45,168,22,33,5,39,326,,21,True,156,184,23,45,9,193,30,True,12,36,142,108,41
161,55,55,PA,46,31,97,51,385,65,13,12,35,217,12,55,376,8,100,86,46,34,7,68,231,,23,False,184,213,15,80,10,168,51,True,6,95,192,161,62
150,36,25,ES,66,37,43,66,434,40,7,12,45,203,13,133,423,6,151,99,33,34,2,58,287,,14,False,251,285,15,59,19,231,66,True,10,63,172,139,45
127,48,47,CA,51,43,78,63,416,58,14,12,35,222,12,82,353,10,110,108,43,39,6,46,281,,19,False,198,229,7,70,15,194,63,False,10,43,155,126,41
114,49,29,WC,43,37,75,53,322,50,12,11,43,199,17,115,446,8,83,90,35,30,4,58,206,,17,False,228,293,9,62,17,123,53,False,13,81,218,153,42
108,30,30,SK,52,41,45,69,298,36,8,11,26,156,28,168,474,5,133,70,33,22,9,41,184,,9,False,281,326,12,36,21,142,69,False,23,45,193,146,39
161,51,35,WB,65,36,100,55,376,46,12,12,55,184,13,86,385,7,97,55,34,46,8,62,213,,10,True,217,231,6,95,23,192,55,False,15,80,168,161,68
139,66,45,HW,40,26,151,36,423,66,13,12,25,251,7,99,434,2,43,133,34,33,6,45,285,,19,True,203,287,10,63,14,172,36,False,15,59,231,150,58
152,53,11,CW,55,39,58,59,394,61,9,11,39,212,10,81,391,3,125,96,27,25,4,75,246,,23,False,230,229,12,65,16,182,59,True,5,76,161,163,59
145,58,34,FR,49,26,126,38,454,51,10,11,42,235,7,82,375,6,47,125,30,37,9,35,317,,24,True,181,256,17,74,23,219,38,True,3,59,194,127,39
163,59,39,PA,61,37,125,53,391,55,10,11,11,230,9,96,394,4,58,81,25,27,3,59,229,,16,True,212,246,5,76,23,161,53,False,12,65,182,152,75
127,38,42,ES,51,36,47,58,375,49,7,11,34,181,10,125,454,9,126,82,37,30,6,39,256,,23,False,235,317,3,59,24,194,58,False,17,74,219,145,35
199,55,73,GC,71,41,41,58,399,59,7,11,30,239,11,46,393, ,79,51,44,52,2,76,199,,14,False,221,192,5,135,19,160,58,True,7,119,172,192,78
192,58,30,SY,59,49,79,55,393,71,11,11,73,221,7,51,399,2,41,46,52,44, ,78,192,,19,True,239,199,7,119,14,172,55,False,5,135,160,199,76
113,50,43,CA,60,31,102,44,375,55,16,11,31,205,12,79,342,4,64,113,42,25,5,37,261,,22,True,184,211,9,71,23,170,44,True,5,70,158,129,47
129,44,31,BL,55,33,64,50,342,60,12,11,43,184,16,113,375,5,102,79,25,42,4,47,211,,23,False,205,261,5,70,22,158,50,False,9,71,170,113,37
174,74,51,GE,52,30,98,48,387,72,9,11,45,222,8,90,358,13,88,61,46,49,4,56,203,,29,True,224,203,7,79,16,165,48,True,4,61,134,144,62
147,58,55,HW,49,37,82,50,364,58,9,11,47,245,6,40,367,4,64,80,51,39,1,59,182,,19,True,188,203,9,68,21,119,50,True,6,109,179,170,63
133,60,26,WC,32,22,132,36,349,52,21,10,60,201,11,113,337,3,55,100,34,37,4,39,213,,21,True,208,225,12,76,7,148,36,True,10,56,129,118,39
144,48,45,GW,72,58,88,74,358,52,8,11,51,224,9,61,387,4,98,90,49,46,13,62,203,,16,False,222,203,4,61,29,134,74,False,7,79,165,174,56
170,50,47,ME,58,41,64,58,367,49,6,11,55,188,9,80,364,1,82,40,39,51,4,63,203,,21,False,245,182,6,109,19,179,58,False,9,68,119,147,59
118,36,60,GC,52,36,55,60,337,32,11,10,26,208,21,100,349,4,132,113,37,34,3,39,225,,7,False,201,213,10,56,21,129,60,False,12,76,148,133,39
157,72,62,NM,47,28,124,41,380,46,14,11,28,206,8,71,336, ,54,72,43,35,3,44,223,,17,True,188,196,13,58,12,174,41,True,13,94,148,142,54
131,52,32,CW,54,35,53,49,399,59,10,10,36,232,14,134,452,5,74,125,31,23,1,44,275,,15,False,237,311,7,65,17,167,49,True,15,85,215,147,58
136,60,45,CA,46,35,104,50,388,53,10,10,31,211,12,88,399,11,85,85,35,42,10,35,246,,22,True,196,263,10,69,10,177,50,True,15,80,203,139,55
142,41,28,RI,46,44,54,72,336,47,8,11,62,188,14,72,380,3,124,71,35,43, ,54,196,,12,False,206,223,13,94,17,148,72,False,13,58,174,157,44
147,49,36,WB,59,43,74,52,452,54,14,10,32,237,10,125,399,1,53,134,23,31,5,58,311,,17,True,232,275,15,85,15,215,52,False,7,65,167,131,44
139,50,31,GE,53,38,85,60,399,46,12,10,45,196,10,85,388,10,104,88,42,35,11,55,263,,10,False,211,246,15,80,22,203,60,False,10,69,177,136,35
156,49,54,BL,60,37,87,61,366,52,8,10,43,196,17,84,394,7,135,64,44,39,4,43,213,,20,False,225,236,7,72,25,170,61,True,14,69,169,152,42
152,61,43,HW,52,32,135,49,394,60,17,10,54,225,8,64,366,4,87,84,39,44,7,42,236,,25,True,196,213,14,69,20,169,49,False,7,72,170,156,43
130,48,43,ES,56,33,67,53,368,46,10,10,28,195,19,121,408,6,105,96,31,42,4,53,245,,20,False,244,270,10,46,12,173,53,True,13,74,164,142,39
132,53,20,ME,48,31,76,54,359,49,13,10,55,196,15,92,377,10,121,97,33,32,6,47,230,,22,False,204,254,14,61,21,163,54,True,11,46,173,124,47
142,53,28,RI,46,33,105,48,408,56,19,10,43,244,10,96,368,4,67,121,42,31,6,39,270,,12,True,195,245,13,74,20,164,48,False,10,46,173,130,53
124,54,55,PA,49,30,121,53,377,48,15,10,20,204,13,97,359,6,76,92,32,33,10,47,254,,21,True,196,230,11,46,22,173,53,False,14,61,163,132,47
131,67,41,SK,37,27,109,40,386,40,23,9,24,219,10,127,395,5,63,109,23,46,1,54,263,,14,True,208,286,12,56,13,167,40,True,11,63,187,116,43
169,51,51,SY,50,43,91,52,407,50,11,10,51,189,6,64,318,2,65,76,46,44,2,35,238,,20,True,184,171,10,81,20,218,52,True,6,90,134,144,30
127,45,48,SK,32,41,101,52,387,40,15,10,47,210,3,83,360,4,67,111,44,31,6,45,262,,16,True,186,222,18,70,14,177,52,True,10,101,174,138,42
116,40,24,ES,40,48,63,67,395,37,10,9,41,208,23,109,386,1,109,127,46,23,5,43,286,,13,False,219,263,11,63,14,187,67,False,12,56,167,131,54
144,52,51,NM,50,35,65,51,318,50,6,10,51,184,11,76,407,2,91,64,44,46,2,30,171,,20,False,189,238,6,90,20,134,51,False,10,81,218,169,35
138,52,47,FR,40,25,67,45,360,32,3,10,48,186,15,111,387,6,101,83,31,44,4,42,222,,14,False,210,262,10,101,16,174,45,False,18,70,177,127,45
155,62,37,AD,48,35,107,52,370,50,18,10,31,241,11,97,389,7,85,102,27,38,10,49,209,,23,True,216,245,13,44,19,129,52,True,12,56,173,145,44
145,52,31,GW,50,43,85,62,389,48,11,10,37,216,18,102,370,10,107,97,38,27,7,44,245,,19,False,241,209,12,56,23,173,62,False,13,44,129,155,49
139,51,41,ME,45,28,131,45,414,42,15,9,42,196,12,78,334,7,68,80,35,39,17,39,277,,18,True,187,203,8,59,22,218,45,True,12,66,147,133,34
129,51,38,GW,49,40,98,51,396,47,12,9,46,250,11,80,369,9,73,143,34,36,13,52,265,,14,True,191,234,14,54,21,146,51,True,8,83,178,140,45
133,45,42,BL,42,25,68,51,334,45,12,9,41,187,15,80,414,17,131,78,39,35,7,34,203,,22,False,196,277,12,66,18,147,51,False,8,59,218,139,39
158,55,71,PA,65,36,86,61,392,52,13,9,15,214,10,68,343,1,94,86,45,36,7,58,238,,20,False,195,188,12,75,25,178,61,True,7,98,148,163,64
140,51,46,WB,47,32,73,51,369,49,11,9,38,191,12,143,396,13,98,80,36,34,9,45,234,,21,False,250,265,8,83,14,178,51,False,14,54,146,129,52
145,43,48,FR,60,28,45,43,326,56,4,9,44,183,10,86,347, ,83,52,42,36,2,50,178,,21,False,217,189,11,67,24,143,43,True,11,85,130,153,43
153,46,38,CW,59,38,104,54,370,58,10,9,21,217,17,96,341,6,80,102,32,31,8,52,226,,26,True,192,205,6,85,23,153,54,True,15,70,149,138,42
138,49,20,NM,37,34,113,46,363,51,13,9,53,217,8,93,380,5,46,108,29,41,3,38,230,,23,True,203,260,11,51,15,146,46,True,6,59,177,116,36
163,61,15,WC,52,34,94,55,343,65,10,9,71,195,13,86,392,7,86,68,36,45,1,64,188,,25,True,214,238,7,98,20,148,55,False,12,75,178,158,58
136,35,36,GC,54,47,74,71,368,37,15,9,42,189,19,117,395,9,149,91,40,31,3,28,234,,15,False,224,267,13,65,18,179,71,True,11,60,171,127,35
153,43,44,RI,56,31,83,43,347,60,10,9,48,217,4,52,326,2,45,86,36,42, ,43,189,,24,True,183,178,11,85,21,130,43,False,11,67,143,145,50
138,54,21,GE,58,24,80,46,341,59,17,9,38,192,10,102,370,8,104,96,31,32,6,42,205,,23,False,217,226,15,70,26,149,46,False,6,85,153,153,52
116,46,53,CA,51,30,46,49,380,37,8,9,20,203,13,108,363,3,113,93,41,29,5,36,260,,15,False,217,230,6,59,23,177,49,False,11,51,146,138,38
127,71,42,AD,37,21,149,35,395,54,19,9,36,224,15,91,368,3,74,117,31,40,9,35,267,,18,True,189,234,11,60,15,171,35,False,13,65,179,136,28
133,54,47,HW,51,27,55,40,368,42,12,9,37,212,10,88,393,3,69,90,37,39,9,40,228,,15,False,210,227,13,80,12,156,40,True,19,54,183,162,63
150,61,36,WC,46,28,132,37,404,71,17,8,53,231,5,73,376,2,29,93,37,45,9,58,252,,24,True,187,235,15,83,13,173,37,True,10,73,189,137,40
125,48,42,ME,46,43,82,61,373,52,11,8,50,186,12,87,426,1,114,93,39,35,5,51,247,,12,False,222,271,8,84,16,187,61,True,10,87,204,155,36
162,40,37,SY,42,46,69,54,393,51,10,9,47,210,12,90,368,9,55,88,39,37,3,63,227,,12,True,212,228,19,54,15,183,54,False,13,80,156,133,40
137,37,53,SK,71,39,29,61,376,46,5,8,36,187,17,93,404,9,132,73,45,37,2,40,235,,13,False,231,252,10,73,24,189,61,False,15,83,173,150,58
155,61,50,WB,52,35,114,48,426,46,12,8,42,222,11,93,373,5,82,87,35,39,1,36,271,,16,True,186,247,10,87,12,204,48,False,8,84,187,125,51
161,69,39,GW,37,25,149,36,438,57,15,8,44,245,5,59,330,14,58,111,30,49,19,38,279,,31,True,159,202,10,63,25,193,36,True,9,57,171,127,37
134,51,42,ES,48,31,60,48,409,45,7,8,27,203,14,101,402,11,74,100,33,33,7,54,280,,20,False,215,265,11,58,19,206,48,True,13,49,187,139,50
145,46,30,RI,49,31,101,49,379,61,19,8,33,223,8,52,320,6,100,100,28,35,11,55,235,,28,True,166,184,12,55,26,156,49,True,12,74,154,140,39
127,36,44,GC,57,42,58,69,330,37,5,8,39,159,15,111,438,19,149,59,49,30,14,37,202,,25,False,245,279,9,57,31,171,69,False,10,63,193,161,38
139,48,27,NM,45,36,74,51,402,48,14,8,42,215,7,100,409,7,60,101,33,33,11,50,265,,19,True,203,280,13,49,20,187,51,False,11,58,206,134,54
140,49,33,SY,61,27,100,46,320,49,8,8,30,166,19,100,379,11,101,52,35,28,6,39,184,,26,False,223,235,12,74,28,154,46,False,12,55,156,145,55
139,49,27,CA,44,39,93,56,385,63,17,8,59,226,6,58,306,7,91,112,43,40,1,54,240,,26,True,171,170,12,66,11,159,56,True,10,70,135,136,46
115,38,34,BL,66,40,65,70,311,40,10,8,32,160,19,82,389,6,143,60,48,24,1,58,181,,21,False,216,236,6,56,29,151,70,True,11,62,173,153,41
140,60,54,HW,46,28,116,41,377,59,18,8,47,203,9,67,362,1,75,79,38,39, ,39,234,,26,True,181,226,15,81,19,174,41,True,9,88,181,136,44
156,44,48,AD,58,40,72,61,326,57,8,8,43,220,14,97,382,8,98,93,42,40,3,61,166,,26,False,213,225,15,81,14,106,61,True,15,80,169,164,47
174,66,58,PA,63,33,136,51,415,63,17,7,24,227,5,55,320, ,59,66,34,52,6,61,233,,29,True,196,154,9,75,22,188,51,True,9,86,124,160,72
136,56,59,PA,63,29,91,49,306,44,6,8,27,171,17,112,385,1,93,58,40,43,7,46,170,,11,False,226,240,10,70,26,135,49,False,12,66,159,139,54
153,70,32,CW,40,25,143,38,389,66,19,8,34,216,10,60,311,1,65,82,24,48,6,41,236,,29,True,160,181,11,62,21,173,38,False,6,56,151,115,58
136,41,47,FR,59,40,75,60,362,46,9,8,54,181,18,79,377, ,116,67,39,38,1,44,226,,19,False,203,234,9,88,26,181,60,False,15,81,174,140,39
164,61,43,GE,57,32,98,44,382,58,14,8,48,213,8,93,326,3,72,97,40,42,8,47,225,,14,True,220,166,15,80,26,169,44,False,15,81,106,156,61
160,51,24,BL,63,40,59,66,320,63,5,7,58,196,17,66,415,6,136,55,52,34, ,72,154,,22,False,227,233,9,86,29,124,66,False,9,75,188,174,61
136,50,39,SK,58,46,75,60,366,42,16,7,28,204,9,96,348,10,82,107,40,30,10,52,229,,16,False,212,212,17,61,22,162,60,True,15,61,136,145,44
149,49,55,FR,44,27,77,45,323,45,14,7,52,189,8,77,362,6,95,83,47,43,3,62,183,,17,False,206,200,20,79,15,134,45,True,11,75,156,157,46
163,68,30,WB,45,17,123,37,422,59,18,7,38,198,13,78,342,2,108,85,25,40,1,35,262,,28,True,187,199,19,56,12,224,37,True,14,59,155,142,44
145,60,28,NM,42,36,82,50,348,58,9,7,39,212,16,107,366,10,75,96,30,40,10,44,212,,22,True,204,229,15,61,16,136,50,False,17,61,162,136,52
157,45,52,GW,45,35,95,49,362,44,8,7,55,206,14,83,323,3,77,77,43,47,6,46,200,,15,True,189,183,11,75,17,156,49,False,20,79,134,149,62
142,37,38,AD,59,49,108,68,342,45,13,7,30,187,18,85,422,1,123,78,40,25,2,44,199,,12,False,198,262,14,59,28,155,68,False,19,56,224,163,35
133,35,52,GC,61,47,87,75,317,41,11,7,46,174,15,63,412,4,160,85,48,30,14,35,179,,18,False,200,240,13,87,31,143,75,True,8,79,212,169,43
125,46,30,CW,46,41,84,57,345,48,5,7,35,177,16,80,381,14,99,75,40,29,8,56,221,,20,False,204,240,11,73,21,168,57,True,18,68,177,143,49
135,60,39,GE,52,26,123,43,382,56,17,7,37,220,9,72,357, ,79,98,32,44,6,36,246,,27,True,180,222,9,55,21,162,43,True,11,77,177,137,44
165,68,33,SY,56,38,135,47,439,54,19,7,25,231,4,99,395,5,54,107,26,38,6,42,279,,21,True,221,255,15,60,18,208,47,True,8,59,174,137,49
142,44,45,RI,52,32,90,55,307,56,19,7,47,170,17,100,379,5,136,64,40,40,4,50,166,,29,False,223,239,9,76,19,137,55,True,10,74,156,137,47
169,75,46,ME,41,20,160,35,412,61,15,7,52,200,11,85,317,14,87,63,30,48,4,43,240,,31,True,174,179,8,79,18,212,35,False,13,87,143,133,35
143,57,35,CA,48,28,99,46,381,46,16,7,30,204,5,75,345,8,84,80,29,40,14,49,240,,21,True,177,221,18,68,20,177,46,False,11,73,168,125,56
137,43,37,WC,56,38,79,60,357,52,9,7,39,180,17,98,382,6,123,72,44,32, ,44,222,,21,False,220,246,11,77,27,177,60,False,9,55,162,135,36
137,47,25,ES,54,43,54,68,395,56,4,7,33,221,19,107,439,6,135,99,38,26,5,49,255,,18,False,231,279,8,59,21,174,68,False,15,60,208,165,42
137,55,47,HW,56,28,136,44,379,52,17,7,45,223,19,64,307,4,90,100,40,40,5,47,239,,19,True,170,166,10,74,29,156,44,False,9,76,137,142,50
145,63,39,CA,42,36,72,47,378,44,18,6,39,227,6,83,366,1,57,115,37,35,12,53,237,,12,True,194,237,19,67,11,151,47,True,9,67,172,126,46
168,60,53,BL,57,37,94,56,332,57,9,6,42,212,11,55,402, ,97,59,45,40,4,61,154,,23,False,219,203,9,99,19,120,56,True,9,98,183,187,69
135,61,25,WC,36,22,124,33,348,54,19,6,47,205,8,79,388,4,62,92,30,42,6,43,218,,29,True,182,255,11,79,20,143,33,True,8,56,206,132,44
126,47,39,ES,44,46,57,63,366,42,6,6,39,194,18,115,378,12,72,83,35,37,1,46,237,,11,False,227,237,9,67,12,172,63,False,19,67,151,145,53
187,56,42,SY,57,45,97,60,402,57,11,6,53,219,9,59,332,4,94,55,40,45, ,69,203,,19,True,212,154,9,98,23,183,60,False,9,99,120,168,61
132,33,47,CW,54,38,62,61,388,36,8,6,25,182,19,92,348,6,124,79,42,30,4,44,255,,20,False,205,218,8,56,29,206,61,False,11,79,143,135,43
161,53,24,RI,47,45,59,62,377,45,6,6,64,192,13,91,355,8,94,72,39,45,12,73,211,,18,False,206,217,7,99,17,185,62,True,14,71,149,145,43
152,52,34,AD,53,38,97,52,430,49,11,6,38,222,14,83,376,5,64,111,35,30,7,55,287,,14,True,200,225,16,73,16,208,52,True,12,61,176,145,42
138,55,45,ME,54,35,96,55,353,41,14,6,45,167,19,88,397,3,135,64,33,45,7,35,216,,16,False,209,249,13,74,23,186,55,True,9,59,188,148,34
145,62,64,PA,45,42,94,53,355,47,13,6,24,206,6,72,377,12,59,91,45,39,8,43,217,,17,True,192,211,14,71,18,149,53,False,7,99,185,161,73
145,52,38,FR,49,33,64,52,376,53,14,6,34,200,11,111,430,7,97,83,30,35,5,42,225,,16,False,222,287,12,61,14,176,52,False,16,73,208,152,55
148,62,39,GE,45,25,168,33,445,51,25,6,32,252,3,62,306,4,48,142,24,42,8,42,292,,16,True,150,185,19,63,22,193,33,True,6,76,156,126,41
148,55,45,SK,41,37,135,55,397,54,19,6,45,209,14,64,353,7,96,88,45,33,3,34,249,,23,True,167,216,9,59,16,188,55,False,13,74,186,138,35
153,56,52,GW,50,34,158,50,413,38,16,6,43,233,11,61,314,4,83,107,29,47,4,57,251,,20,True,161,197,20,41,18,180,50,True,6,63,153,114,38
126,33,32,GC,51,30,48,62,306,45,3,6,39,150,25,142,445,8,168,62,42,24,4,41,185,,22,False,252,292,6,76,16,156,62,False,19,63,193,148,42
114,50,43,HW,38,26,83,56,314,50,11,6,52,161,16,107,413,4,158,61,47,29,4,38,197,,18,False,233,251,6,63,20,153,56,False,20,41,180,153,57
151,46,33,NM,64,47,61,56,355,54,11,6,49,189,9,74,434,2,45,75,44,31,9,56,211,,14,True,215,268,16,66,23,166,56,True,11,92,219,164,60
164,56,49,WB,54,35,45,46,434,64,9,6,33,215,11,75,355,9,61,74,31,44,2,60,268,,23,False,189,211,11,92,14,219,46,False,16,66,166,151,56
153,55,35,CW,52,38,142,51,423,55,17,5,42,216,15,98,392,3,73,92,46,39,3,36,265,,16,True,208,256,17,63,20,207,51,True,5,80,184,136,42
174,56,40,ME,61,38,129,56,412,51,12,5,52,222,8,53,328,1,96,87,40,43,2,45,235,,25,True,185,161,17,72,22,190,56,True,13,74,143,163,51
136,51,42,ES,55,30,73,55,392,52,15,5,35,208,17,92,423,3,142,98,39,46,3,42,256,,20,False,216,265,5,80,16,184,55,False,17,63,207,153,36
163,56,52,RI,51,33,96,56,328,61,8,5,40,185,12,87,412,2,129,53,43,40,1,51,161,,22,False,222,235,13,74,25,143,56,False,17,72,190,174,45
176,71,29,WB,41,19,120,31,447,51,18,5,39,221,8,93,328,3,67,85,25,44,7,46,273,,24,True,186,202,18,75,12,226,31,True,15,60,142,125,50
129,53,39,SK,46,38,79,63,370,53,6,5,36,203,13,114,419,20,126,88,39,37,6,59,239,,22,False,230,278,14,59,20,167,63,True,15,58,189,153,40
125,31,39,BL,51,47,67,71,328,41,8,5,29,186,18,85,447,7,120,93,44,25,3,50,202,,12,False,221,273,15,60,24,142,71,False,18,75,226,176,46
153,63,36,GW,53,40,126,53,419,46,13,5,39,230,6,88,370,6,79,114,37,39,20,40,278,,20,True,203,239,15,58,22,189,53,False,14,59,167,129,59
146,48,45,FR,54,36,68,47,362,46,12,5,46,184,13,66,356,5,72,68,32,38,4,49,219,,18,False,181,215,10,77,18,178,47,True,9,100,175,139,59
126,45,60,PA,56,40,59,58,309,49,5,5,28,153,16,99,372,5,107,45,46,34,9,50,173,,23,False,212,207,6,79,25,156,58,True,19,81,160,165,55
134,49,26,GC,53,43,81,62,366,53,11,5,30,179,14,97,362,17,119,84,29,30,13,45,238,,20,False,218,229,13,57,22,187,62,True,14,53,144,138,43
167,63,41,SY,45,49,88,59,373,55,10,5,40,220,8,81,376,2,49,81,32,43,1,55,197,,19,True,217,204,18,83,19,153,59,True,17,84,159,169,59
142,60,43,HW,41,27,112,48,353,52,9,5,45,187,12,71,405,5,109,63,38,47,7,44,214,,23,True,190,250,12,77,19,166,48,True,12,97,215,160,58
139,47,46,CA,46,34,72,48,356,54,13,5,45,181,12,68,362,4,68,66,38,32,5,59,215,,18,True,184,219,9,100,18,175,48,False,10,77,178,146,49
165,58,28,GE,49,32,107,45,372,56,16,5,60,212,5,45,309,9,59,99,34,46,5,55,207,,25,True,153,173,19,81,23,160,45,False,6,79,156,126,50
138,62,30,NM,53,30,119,49,362,53,14,5,26,218,11,84,366,13,81,97,30,29,17,43,229,,22,True,179,238,14,53,20,144,49,False,13,57,187,134,45
169,59,40,WC,55,41,49,63,376,45,8,5,41,217,10,81,373,1,88,81,43,32,2,59,204,,19,False,220,197,17,84,19,159,63,False,18,83,153,167,55
152,53,23,NM,49,26,132,46,420,53,14,4,49,238,13,80,352,8,101,114,32,36,16,44,275,,20,True,184,217,12,67,12,182,46,True,11,71,168,124,54
160,48,45,AD,52,37,109,60,405,41,12,5,43,190,9,63,353,7,112,71,47,38,5,58,250,,19,False,187,214,12,97,23,215,60,False,12,77,166,142,44
167,61,44,AD,47,36,113,57,372,50,10,4,47,211,8,61,372,2,103,69,39,42,6,48,206,,23,True,186,204,9,86,21,161,57,True,9,80,186,164,38
124,46,49,FR,53,31,101,53,352,49,13,4,23,184,14,114,420,16,132,80,36,32,8,54,217,,12,False,238,275,11,71,20,168,53,False,12,67,182,152,44
164,57,47,SY,50,38,103,61,372,47,8,4,44,186,10,69,372,6,113,61,42,39,2,38,204,,21,False,211,206,9,80,23,186,61,False,9,86,161,167,48
139,52,42,HW,48,32,87,46,370,50,9,4,50,181,12,93,410,6,84,75,35,40,4,44,237,,20,True,206,261,9,78,16,189,46,True,14,78,204,152,49
150,55,40,CW,43,39,67,57,412,53,8,4,34,215,13,98,433,6,102,85,31,36,6,56,264,,19,False,210,278,13,84,15,197,57,True,13,99,223,154,50
154,66,47,BL,35,32,107,48,367,51,18,4,43,203,12,62,307,12,94,82,39,41,6,53,213,,23,True,161,168,8,78,13,164,48,True,12,81,146,132,42
131,44,26,CA,63,35,49,50,336,48,11,4,50,209,6,91,426,18,85,97,41,32,6,53,211,,13,False,217,287,14,61,30,127,50,True,7,57,209,135,43
132,40,26,ES,51,36,42,50,426,58,9,4,32,207,19,97,359,12,72,104,27,38,4,36,293,,24,False,197,238,1,71,16,219,50,True,15,59,162,123,39
130,60,21,WC,48,15,125,27,342,58,20,4,54,213,8,89,340,2,57,113,33,37,1,40,219,,29,True,178,229,18,57,22,129,27,True,9,59,162,107,37
137,69,31,GE,62,21,125,35,396,66,17,3,38,221,9,65,332,5,56,101,28,40,6,43,259,,32,True,172,197,8,52,30,175,35,True,7,73,160,126,45
152,46,50,SK,50,32,84,52,410,48,12,4,42,206,9,75,370,4,87,93,40,35,6,49,261,,16,False,181,237,14,78,20,204,52,False,9,78,189,139,44
154,57,34,ME,53,44,102,55,433,43,13,4,40,210,8,85,412,6,67,98,36,31,6,50,278,,15,True,215,264,13,99,19,223,55,False,13,84,197,150,56
132,48,43,GC,51,42,94,66,307,35,12,4,47,161,18,82,367,6,107,62,41,39,12,42,168,,13,False,203,213,12,81,23,146,66,False,8,78,164,154,53
135,50,50,WB,48,36,85,44,426,63,6,4,26,217,11,97,336,6,49,91,32,41,18,43,287,,30,True,209,211,7,57,13,209,44,False,14,61,127,131,53
123,50,32,GE,58,30,72,40,359,51,19,4,26,197,9,104,426,4,42,97,38,27,12,39,238,,16,True,207,293,15,59,24,162,40,False,1,71,219,132,36
107,27,54,RI,58,41,57,60,340,48,8,4,21,178,20,113,342,1,125,89,37,33,2,37,229,,22,False,213,219,9,59,29,162,60,False,18,57,129,130,40
126,35,38,BL,66,48,56,69,332,62,9,3,31,172,17,101,396,6,125,65,40,28,5,45,197,,30,False,221,259,7,73,32,160,69,False,8,52,175,137,43
161,51,50,WB,47,27,90,46,418,54,10,3,36,225,10,98,331,5,93,96,30,46,14,57,257,,25,False,200,206,14,77,21,193,46,True,14,65,131,132,51
132,46,36,HW,54,36,93,51,331,47,10,3,50,200,10,96,418,14,90,98,46,30,5,51,206,,21,True,225,257,14,65,25,131,51,False,14,77,193,161,57
139,63,23,WC,50,22,92,37,364,61,15,3,47,215,9,93,341,6,59,90,29,38,2,49,223,,26,True,209,211,13,73,18,149,37,True,14,77,132,126,48
126,37,47,FR,61,47,59,63,341,50,9,3,23,209,15,90,364,2,92,93,38,29,6,48,211,,18,False,215,223,14,77,26,132,63,False,13,73,149,139,49
126,54,32,SK,54,34,119,49,446,51,19,3,36,250,10,72,349,1,90,126,38,31,5,40,319,,20,True,192,205,11,53,21,196,49,True,12,61,157,144,48
134,53,38,RI,45,36,92,57,410,43,15,3,42,217,4,88,368,5,128,123,39,32,6,48,280,,20,False,192,241,19,53,16,193,57,True,5,56,176,130,30
125,61,38,GC,40,41,95,49,420,43,23,3,19,222,5,82,380,8,41,109,24,32,8,43,300,,20,True,194,251,8,53,14,198,49,True,9,65,186,125,61
144,51,65,NM,50,34,136,63,322,63,11,3,43,165,10,49,366,12,131,48,63,46,5,47,184,,24,True,190,199,9,67,23,157,63,True,11,97,176,176,48
160,67,38,SY,55,35,93,47,361,66,10,3,49,202,9,78,384,18,68,74,38,38,1,50,205,,30,True,200,241,16,77,19,159,47,True,8,64,184,148,45
144,49,36,CW,51,32,90,54,349,54,10,3,32,192,19,126,446,5,119,72,31,38,1,48,205,,21,False,250,319,12,61,20,157,54,False,11,53,196,126,40
149,61,40,PA,60,31,112,41,393,56,12,3,43,192,9,91,385, ,51,87,37,38,11,49,244,,18,True,190,258,7,87,24,201,41,True,8,64,195,130,61
130,57,42,AD,43,34,128,53,368,45,4,3,38,192,15,123,410,6,92,88,32,39,5,30,241,,16,True,217,280,5,56,20,176,53,False,19,53,193,134,48
125,49,19,CA,43,41,41,61,380,40,5,3,38,194,23,109,420,8,95,82,32,24,8,61,251,,14,False,222,300,9,65,20,186,61,False,8,53,198,125,43
130,44,28,CA,48,44,71,69,348,47,10,2,46,187,15,100,401,7,131,85,37,30,11,42,214,,23,False,214,253,11,59,23,161,69,True,15,62,187,150,49
176,63,43,ME,63,25,131,51,366,50,10,3,65,190,11,48,322,5,136,49,46,63,12,48,199,,23,False,165,184,11,97,24,176,51,False,9,67,157,144,47
148,47,49,GW,66,51,68,67,384,55,9,3,38,200,10,74,361,1,93,78,38,38,18,45,241,,19,False,202,205,8,64,30,184,67,False,16,77,159,160,50
130,41,43,ES,56,42,51,61,385,60,9,3,40,190,12,87,393,11,112,91,38,37, ,61,258,,24,False,192,244,8,64,18,195,61,False,7,87,201,149,49
163,68,60,HW,51,26,99,34,458,47,16,2,36,226,7,59,293,3,53,101,36,44,4,48,303,,19,True,166,154,9,81,16,232,34,True,8,89,127,138,54
148,56,28,GW,35,34,89,48,393,41,13,2,41,211,11,88,345,12,76,92,26,39,18,42,243,,23,True,188,217,8,50,10,182,48,True,13,57,157,126,50
150,69,46,SY,47,33,131,44,401,48,15,2,28,214,10,85,348,11,71,100,30,37,7,49,253,,23,True,187,214,15,62,23,187,44,False,11,59,161,130,42
138,34,36,WC,47,45,53,68,293,51,7,2,60,166,16,101,458,4,99,59,44,36,3,54,154,,16,False,226,303,8,89,19,127,68,False,9,81,232,163,48
126,48,41,GE,41,40,76,56,345,35,11,2,28,188,13,92,393,18,89,88,39,26,12,50,217,,10,False,211,243,13,57,23,157,56,False,8,50,182,148,42
